date,lesson,views,name
2020/07/17 21:09:11,1-0,8472,Welcome to Udacity
2020/07/17 21:09:11,1-1,4889,Why Machine Learning?
2020/07/17 21:09:11,1-2,4460,Course Overview
2020/07/17 21:09:11,2-0,4575,Lesson Overview
2020/07/17 21:09:11,2-1,4095,What is Machine Learning?
2020/07/17 21:09:11,2-2,3756,Applications of Machine Learning
2020/07/17 21:09:11,2-3,3411,Brief History of Machine Learning
2020/07/17 21:09:11,2-4,3068,The Data Science Process
2020/07/17 21:09:11,2-5,2896,Common Types of Data
2020/07/17 21:09:11,2-6,2455,Tabular Data
2020/07/17 21:09:11,2-7,2407,Tabular Data
2020/07/17 21:09:11,2-8,2527,Scaling Data
2020/07/17 21:09:11,2-9,2433,Encoding Categorical Data
2020/07/17 21:09:11,2-10,2418,Image Data
2020/07/17 21:09:11,2-11,2450,The Whole Pipeline
2020/07/17 21:09:11,2-12,2447,Two Perspectives on ML
2020/07/17 21:09:11,2-13,2312,The Computer Science Perspective
2020/07/17 21:09:11,2-14,2227,The Statistical Perspective
2020/07/17 21:09:11,2-15,2335,The Tools for Machine Learning
2020/07/17 21:09:11,2-16,2176,Libraries for Machine Learning
2020/07/17 21:09:11,2-17,2411,Cloud Services for Machine Learning
2020/07/17 21:09:11,2-18,2227,A Brief Intro to Azure Machine Learning
2020/07/17 21:09:11,2-19,2128,Models vs. Algorithms
2020/07/17 21:09:11,2-20,2174,Linear Regression
2020/07/17 21:09:11,2-21,2255,Walkthrough: Train a Linear Regression Model
2020/07/17 21:09:11,2-22,1586,Learning a function
2020/07/17 21:09:11,2-23,1651,Parametric vs. Non-parametric
2020/07/17 21:09:11,2-24,1560,Classical ML vs. Deep Learning
2020/07/17 21:09:11,2-25,1596,Approaches to Machine Learning
2020/07/17 21:09:11,2-26,1574,The Trade-Offs
2020/07/17 21:09:11,2-27,1459,Overfitting vs. Underfitting
2020/07/17 21:09:11,2-28,1427,Bias vs. Variance Trade-off
2020/07/17 21:09:11,2-29,1497,Lesson Summary
2020/07/18 23:11:43,1-0,8562,Welcome to Udacity
2020/07/18 23:11:43,1-1,4960,Why Machine Learning?
2020/07/18 23:11:43,1-2,4530,Course Overview
2020/07/18 23:11:43,2-0,4665,Lesson Overview
2020/07/18 23:11:43,2-1,4191,What is Machine Learning?
2020/07/18 23:11:43,2-2,3862,Applications of Machine Learning
2020/07/18 23:11:43,2-3,3508,Brief History of Machine Learning
2020/07/18 23:11:43,2-4,3178,The Data Science Process
2020/07/18 23:11:43,2-5,3014,Common Types of Data
2020/07/18 23:11:43,2-6,2558,Tabular Data
2020/07/18 23:11:43,2-7,2506,Tabular Data
2020/07/18 23:11:43,2-8,2635,Scaling Data
2020/07/18 23:11:43,2-9,2556,Encoding Categorical Data
2020/07/18 23:11:43,2-10,2547,Image Data
2020/07/18 23:11:43,2-11,2566,The Whole Pipeline
2020/07/18 23:11:43,2-12,2571,Two Perspectives on ML
2020/07/18 23:11:43,2-13,2436,The Computer Science Perspective
2020/07/18 23:11:43,2-14,2340,The Statistical Perspective
2020/07/18 23:11:43,2-15,2469,The Tools for Machine Learning
2020/07/18 23:11:43,2-16,2294,Libraries for Machine Learning
2020/07/18 23:11:43,2-17,2548,Cloud Services for Machine Learning
2020/07/18 23:11:43,2-18,2347,A Brief Intro to Azure Machine Learning
2020/07/18 23:11:43,2-19,2261,Models vs. Algorithms
2020/07/18 23:11:43,2-20,2331,Linear Regression
2020/07/18 23:11:43,2-21,2454,Walkthrough: Train a Linear Regression Model
2020/07/18 23:11:43,2-22,1741,Learning a function
2020/07/18 23:11:43,2-23,1812,Parametric vs. Non-parametric
2020/07/18 23:11:43,2-24,1723,Classical ML vs. Deep Learning
2020/07/18 23:11:43,2-25,1779,Approaches to Machine Learning
2020/07/18 23:11:43,2-26,1754,The Trade-Offs
2020/07/18 23:11:43,2-27,1615,Overfitting vs. Underfitting
2020/07/18 23:11:43,2-28,1580,Bias vs. Variance Trade-off
2020/07/18 23:11:43,2-29,1669,Lesson Summary
2020/07/18 23:11:43,3-0,1688,Lesson Overview
2020/07/18 23:11:43,3-1,1545,Data Import and Transformation
2020/07/18 23:11:43,3-2,1463,"Lab: Import, Transform, and Export Data"
2020/07/19 19:36:05,1-0,8606,Welcome to Udacity
2020/07/19 19:36:05,1-1,5001,Why Machine Learning?
2020/07/19 19:36:05,1-2,4571,Course Overview
2020/07/19 19:36:05,2-0,4727,Lesson Overview
2020/07/19 19:36:05,2-1,4248,What is Machine Learning?
2020/07/19 19:36:05,2-2,3922,Applications of Machine Learning
2020/07/19 19:36:05,2-3,3569,Brief History of Machine Learning
2020/07/19 19:36:05,2-4,3236,The Data Science Process
2020/07/19 19:36:05,2-5,3081,Common Types of Data
2020/07/19 19:36:05,2-6,2625,Tabular Data
2020/07/19 19:36:05,2-7,2575,Tabular Data
2020/07/19 19:36:05,2-8,2712,Scaling Data
2020/07/19 19:36:05,2-9,2647,Encoding Categorical Data
2020/07/19 19:36:05,2-10,2640,Image Data
2020/07/19 19:36:05,2-11,2649,The Whole Pipeline
2020/07/19 19:36:05,2-12,2669,Two Perspectives on ML
2020/07/19 19:36:05,2-13,2537,The Computer Science Perspective
2020/07/19 19:36:05,2-14,2427,The Statistical Perspective
2020/07/19 19:36:05,2-15,2558,The Tools for Machine Learning
2020/07/19 19:36:05,2-16,2381,Libraries for Machine Learning
2020/07/19 19:36:05,2-17,2655,Cloud Services for Machine Learning
2020/07/19 19:36:05,2-18,2453,A Brief Intro to Azure Machine Learning
2020/07/19 19:36:05,2-19,2363,Models vs. Algorithms
2020/07/19 19:36:05,2-20,2447,Linear Regression
2020/07/19 19:36:05,2-21,2598,Walkthrough: Train a Linear Regression Model
2020/07/19 19:36:05,2-22,1852,Learning a function
2020/07/19 19:36:05,2-23,1926,Parametric vs. Non-parametric
2020/07/19 19:36:05,2-24,1833,Classical ML vs. Deep Learning
2020/07/19 19:36:05,2-25,1902,Approaches to Machine Learning
2020/07/19 19:36:05,2-26,1880,The Trade-Offs
2020/07/19 19:36:05,2-27,1734,Overfitting vs. Underfitting
2020/07/19 19:36:05,2-28,1704,Bias vs. Variance Trade-off
2020/07/19 19:36:05,2-29,1790,Lesson Summary
2020/07/19 19:36:05,3-0,1828,Lesson Overview
2020/07/19 19:36:05,3-1,1682,Data Import and Transformation
2020/07/19 19:36:05,3-2,1613,"Lab: Import, Transform, and Export Data"
2020/07/19 19:36:05,3-3,1433,Managing Data
2020/07/19 19:36:05,3-4,1227,Datastores vs. Datasets
2020/07/19 19:36:05,3-5,1262,The Data Access Workflow
2020/07/19 19:36:05,3-6,1222,More About Datasets
2020/07/19 19:36:05,3-7,1061,More About Datasets (2)
2020/07/19 19:36:05,3-8,1090,Lab: Create and Version a Dataset
2020/07/20 20:50:24,1-0,8695,Welcome to Udacity
2020/07/20 20:50:24,1-1,5081,Why Machine Learning?
2020/07/20 20:50:24,1-2,4650,Course Overview
2020/07/20 20:50:24,2-0,4821,Lesson Overview
2020/07/20 20:50:24,2-1,4341,What is Machine Learning?
2020/07/20 20:50:24,2-2,4014,Applications of Machine Learning
2020/07/20 20:50:24,2-3,3657,Brief History of Machine Learning
2020/07/20 20:50:24,2-4,3332,The Data Science Process
2020/07/20 20:50:24,2-5,3190,Common Types of Data
2020/07/20 20:50:24,2-6,2712,Tabular Data
2020/07/20 20:50:24,2-7,2657,Tabular Data
2020/07/20 20:50:24,2-8,2809,Scaling Data
2020/07/20 20:50:24,2-9,2741,Encoding Categorical Data
2020/07/20 20:50:24,2-10,2739,Image Data
2020/07/20 20:50:24,2-11,2744,The Whole Pipeline
2020/07/20 20:50:24,2-12,2773,Two Perspectives on ML
2020/07/20 20:50:24,2-13,2628,The Computer Science Perspective
2020/07/20 20:50:24,2-14,2518,The Statistical Perspective
2020/07/20 20:50:24,2-15,2664,The Tools for Machine Learning
2020/07/20 20:50:24,2-16,2483,Libraries for Machine Learning
2020/07/20 20:50:24,2-17,2770,Cloud Services for Machine Learning
2020/07/20 20:50:24,2-18,2555,A Brief Intro to Azure Machine Learning
2020/07/20 20:50:24,2-19,2461,Models vs. Algorithms
2020/07/20 20:50:24,2-20,2587,Linear Regression
2020/07/20 20:50:24,2-21,2775,Walkthrough: Train a Linear Regression Model
2020/07/20 20:50:24,2-22,1970,Learning a function
2020/07/20 20:50:24,2-23,2058,Parametric vs. Non-parametric
2020/07/20 20:50:24,2-24,1957,Classical ML vs. Deep Learning
2020/07/20 20:50:24,2-25,2033,Approaches to Machine Learning
2020/07/20 20:50:24,2-26,2004,The Trade-Offs
2020/07/20 20:50:24,2-27,1848,Overfitting vs. Underfitting
2020/07/20 20:50:24,2-28,1815,Bias vs. Variance Trade-off
2020/07/20 20:50:24,2-29,1908,Lesson Summary
2020/07/20 20:50:24,3-0,1987,Lesson Overview
2020/07/20 20:50:24,3-1,1847,Data Import and Transformation
2020/07/20 20:50:24,3-2,1780,"Lab: Import, Transform, and Export Data"
2020/07/20 20:50:24,3-3,1582,Managing Data
2020/07/20 20:50:24,3-4,1355,Datastores vs. Datasets
2020/07/20 20:50:24,3-5,1386,The Data Access Workflow
2020/07/20 20:50:24,3-6,1363,More About Datasets
2020/07/20 20:50:24,3-7,1187,More About Datasets (2)
2020/07/20 20:50:24,3-8,1216,Lab: Create and Version a Dataset
2020/07/20 20:50:24,3-9,1156,Introducing Features
2020/07/20 20:50:24,3-10,1261,Feature Engineering
2020/07/20 20:50:24,3-11,1144,Examples of Feature Engineering Tasks
2020/07/20 20:50:24,3-12,1119,Summary of Feature Engineering Approaches by Data Type
2020/07/20 20:50:24,3-13,1153,Feature Selection
2020/07/20 20:50:24,3-14,1089,Feature Selection (2)
2020/07/20 20:50:24,3-15,1080,Walkthrough: Engineer and Select Features
2020/07/20 20:50:24,3-16,898,Walkthrough: Engineer and Select Features (2)
2020/07/21 23:24:23,1-0,8777,Welcome to Udacity
2020/07/21 23:24:23,1-1,5149,Why Machine Learning?
2020/07/21 23:24:23,1-2,4730,Course Overview
2020/07/21 23:24:23,2-0,4913,Lesson Overview
2020/07/21 23:24:23,2-1,4429,What is Machine Learning?
2020/07/21 23:24:23,2-2,4100,Applications of Machine Learning
2020/07/21 23:24:23,2-3,3749,Brief History of Machine Learning
2020/07/21 23:24:23,2-4,3424,The Data Science Process
2020/07/21 23:24:23,2-5,3283,Common Types of Data
2020/07/21 23:24:23,2-6,2801,Tabular Data
2020/07/21 23:24:23,2-7,2739,Tabular Data
2020/07/21 23:24:23,2-8,2911,Scaling Data
2020/07/21 23:24:23,2-9,2844,Encoding Categorical Data
2020/07/21 23:24:23,2-10,2837,Image Data
2020/07/21 23:24:23,2-11,2831,The Whole Pipeline
2020/07/21 23:24:23,2-12,2866,Two Perspectives on ML
2020/07/21 23:24:23,2-13,2720,The Computer Science Perspective
2020/07/21 23:24:23,2-14,2609,The Statistical Perspective
2020/07/21 23:24:23,2-15,2759,The Tools for Machine Learning
2020/07/21 23:24:23,2-16,2577,Libraries for Machine Learning
2020/07/21 23:24:23,2-17,2865,Cloud Services for Machine Learning
2020/07/21 23:24:23,2-18,2647,A Brief Intro to Azure Machine Learning
2020/07/21 23:24:23,2-19,2552,Models vs. Algorithms
2020/07/21 23:24:23,2-20,2701,Linear Regression
2020/07/21 23:24:23,2-21,2902,Walkthrough: Train a Linear Regression Model
2020/07/21 23:24:23,2-22,2072,Learning a function
2020/07/21 23:24:23,2-23,2181,Parametric vs. Non-parametric
2020/07/21 23:24:23,2-24,2063,Classical ML vs. Deep Learning
2020/07/21 23:24:23,2-25,2146,Approaches to Machine Learning
2020/07/21 23:24:23,2-26,2119,The Trade-Offs
2020/07/21 23:24:23,2-27,1945,Overfitting vs. Underfitting
2020/07/21 23:24:23,2-28,1912,Bias vs. Variance Trade-off
2020/07/21 23:24:23,2-29,2015,Lesson Summary
2020/07/21 23:24:23,3-0,2147,Lesson Overview
2020/07/21 23:24:23,3-1,1992,Data Import and Transformation
2020/07/21 23:24:23,3-2,1929,"Lab: Import, Transform, and Export Data"
2020/07/21 23:24:23,3-3,1748,Managing Data
2020/07/21 23:24:23,3-4,1504,Datastores vs. Datasets
2020/07/21 23:24:23,3-5,1535,The Data Access Workflow
2020/07/21 23:24:23,3-6,1506,More About Datasets
2020/07/21 23:24:23,3-7,1311,More About Datasets (2)
2020/07/21 23:24:23,3-8,1368,Lab: Create and Version a Dataset
2020/07/21 23:24:23,3-9,1285,Introducing Features
2020/07/21 23:24:23,3-10,1400,Feature Engineering
2020/07/21 23:24:23,3-11,1271,Examples of Feature Engineering Tasks
2020/07/21 23:24:23,3-12,1238,Summary of Feature Engineering Approaches by Data Type
2020/07/21 23:24:23,3-13,1281,Feature Selection
2020/07/21 23:24:23,3-14,1201,Feature Selection (2)
2020/07/21 23:24:23,3-15,1202,Walkthrough: Engineer and Select Features
2020/07/21 23:24:23,3-16,999,Walkthrough: Engineer and Select Features (2)
2020/07/21 23:24:23,3-17,1174,Data Drift
2020/07/21 23:24:23,3-18,1084,Monitoring for Data Drift
2020/07/21 23:24:23,3-19,1044,Model Training Basics
2020/07/21 23:24:23,3-20,1111,Model Training in Azure Machine Learning
2020/07/21 23:24:23,3-21,1054,Taxonomy of Azure Machine Learning
2020/07/21 23:24:23,3-22,986,Training Classifiers
2020/07/22 20:01:41,1-0,8837,Welcome to Udacity
2020/07/22 20:01:41,1-1,5191,Why Machine Learning?
2020/07/22 20:01:41,1-2,4771,Course Overview
2020/07/22 20:01:41,2-0,4967,Lesson Overview
2020/07/22 20:01:41,2-1,4480,What is Machine Learning?
2020/07/22 20:01:41,2-2,4164,Applications of Machine Learning
2020/07/22 20:01:41,2-3,3811,Brief History of Machine Learning
2020/07/22 20:01:41,2-4,3484,The Data Science Process
2020/07/22 20:01:41,2-5,3334,Common Types of Data
2020/07/22 20:01:41,2-6,2850,Tabular Data
2020/07/22 20:01:41,2-7,2789,Tabular Data
2020/07/22 20:01:41,2-8,2956,Scaling Data
2020/07/22 20:01:41,2-9,2901,Encoding Categorical Data
2020/07/22 20:01:41,2-10,2901,Image Data
2020/07/22 20:01:41,2-11,2900,The Whole Pipeline
2020/07/22 20:01:41,2-12,2919,Two Perspectives on ML
2020/07/22 20:01:41,2-13,2781,The Computer Science Perspective
2020/07/22 20:01:41,2-14,2667,The Statistical Perspective
2020/07/22 20:01:41,2-15,2819,The Tools for Machine Learning
2020/07/22 20:01:41,2-16,2633,Libraries for Machine Learning
2020/07/22 20:01:41,2-17,2944,Cloud Services for Machine Learning
2020/07/22 20:01:41,2-18,2714,A Brief Intro to Azure Machine Learning
2020/07/22 20:01:41,2-19,2617,Models vs. Algorithms
2020/07/22 20:01:41,2-20,2784,Linear Regression
2020/07/22 20:01:41,2-21,3002,Walkthrough: Train a Linear Regression Model
2020/07/22 20:01:41,2-22,2139,Learning a function
2020/07/22 20:01:41,2-23,2248,Parametric vs. Non-parametric
2020/07/22 20:01:41,2-24,2126,Classical ML vs. Deep Learning
2020/07/22 20:01:41,2-25,2218,Approaches to Machine Learning
2020/07/22 20:01:41,2-26,2194,The Trade-Offs
2020/07/22 20:01:41,2-27,2011,Overfitting vs. Underfitting
2020/07/22 20:01:41,2-28,1971,Bias vs. Variance Trade-off
2020/07/22 20:01:41,2-29,2072,Lesson Summary
2020/07/22 20:01:41,3-0,2236,Lesson Overview
2020/07/22 20:01:41,3-1,2080,Data Import and Transformation
2020/07/22 20:01:41,3-2,2044,"Lab: Import, Transform, and Export Data"
2020/07/22 20:01:41,3-3,1850,Managing Data
2020/07/22 20:01:41,3-4,1590,Datastores vs. Datasets
2020/07/22 20:01:41,3-5,1633,The Data Access Workflow
2020/07/22 20:01:41,3-6,1596,More About Datasets
2020/07/22 20:01:41,3-7,1394,More About Datasets (2)
2020/07/22 20:01:41,3-8,1454,Lab: Create and Version a Dataset
2020/07/22 20:01:41,3-9,1377,Introducing Features
2020/07/22 20:01:41,3-10,1503,Feature Engineering
2020/07/22 20:01:41,3-11,1362,Examples of Feature Engineering Tasks
2020/07/22 20:01:41,3-12,1322,Summary of Feature Engineering Approaches by Data Type
2020/07/22 20:01:41,3-13,1375,Feature Selection
2020/07/22 20:01:41,3-14,1298,Feature Selection (2)
2020/07/22 20:01:41,3-15,1300,Walkthrough: Engineer and Select Features
2020/07/22 20:01:41,3-16,1072,Walkthrough: Engineer and Select Features (2)
2020/07/22 20:01:41,3-17,1263,Data Drift
2020/07/22 20:01:41,3-18,1178,Monitoring for Data Drift
2020/07/22 20:01:41,3-19,1137,Model Training Basics
2020/07/22 20:01:41,3-20,1205,Model Training in Azure Machine Learning
2020/07/22 20:01:41,3-21,1140,Taxonomy of Azure Machine Learning
2020/07/22 20:01:41,3-22,1076,Training Classifiers
2020/07/22 20:01:41,3-23,1010,Training Regressors
2020/07/22 20:01:41,3-24,972,Evaluating Model Performance
2020/07/22 20:01:41,3-25,1035,Evaluation Metrics for Classification
2020/07/22 20:01:41,3-26,971,Model Evaluation Charts
2020/07/23 19:08:09,1-0,8878,Welcome to Udacity
2020/07/23 19:08:09,1-1,5224,Why Machine Learning?
2020/07/23 19:08:09,1-2,4805,Course Overview
2020/07/23 19:08:09,2-0,5018,Lesson Overview
2020/07/23 19:08:09,2-1,4540,What is Machine Learning?
2020/07/23 19:08:09,2-2,4226,Applications of Machine Learning
2020/07/23 19:08:09,2-3,3877,Brief History of Machine Learning
2020/07/23 19:08:09,2-4,3566,The Data Science Process
2020/07/23 19:08:09,2-5,3409,Common Types of Data
2020/07/23 19:08:09,2-6,2912,Tabular Data
2020/07/23 19:08:09,2-7,2844,Tabular Data
2020/07/23 19:08:09,2-8,3030,Scaling Data
2020/07/23 19:08:09,2-9,2961,Encoding Categorical Data
2020/07/23 19:08:09,2-10,2978,Image Data
2020/07/23 19:08:09,2-11,2953,The Whole Pipeline
2020/07/23 19:08:09,2-12,2980,Two Perspectives on ML
2020/07/23 19:08:09,2-13,2844,The Computer Science Perspective
2020/07/23 19:08:09,2-14,2723,The Statistical Perspective
2020/07/23 19:08:09,2-15,2876,The Tools for Machine Learning
2020/07/23 19:08:09,2-16,2690,Libraries for Machine Learning
2020/07/23 19:08:09,2-17,3012,Cloud Services for Machine Learning
2020/07/23 19:08:09,2-18,2773,A Brief Intro to Azure Machine Learning
2020/07/23 19:08:09,2-19,2669,Models vs. Algorithms
2020/07/23 19:08:09,2-20,2843,Linear Regression
2020/07/23 19:08:09,2-21,3103,Walkthrough: Train a Linear Regression Model
2020/07/23 19:08:09,2-22,2202,Learning a function
2020/07/23 19:08:09,2-23,2319,Parametric vs. Non-parametric
2020/07/23 19:08:09,2-24,2194,Classical ML vs. Deep Learning
2020/07/23 19:08:09,2-25,2287,Approaches to Machine Learning
2020/07/23 19:08:09,2-26,2270,The Trade-Offs
2020/07/23 19:08:09,2-27,2077,Overfitting vs. Underfitting
2020/07/23 19:08:09,2-28,2046,Bias vs. Variance Trade-off
2020/07/23 19:08:09,2-29,2143,Lesson Summary
2020/07/23 19:08:09,3-0,2319,Lesson Overview
2020/07/23 19:08:09,3-1,2166,Data Import and Transformation
2020/07/23 19:08:09,3-2,2116,"Lab: Import, Transform, and Export Data"
2020/07/23 19:08:09,3-3,1918,Managing Data
2020/07/23 19:08:09,3-4,1652,Datastores vs. Datasets
2020/07/23 19:08:09,3-5,1695,The Data Access Workflow
2020/07/23 19:08:09,3-6,1659,More About Datasets
2020/07/23 19:08:09,3-7,1453,More About Datasets (2)
2020/07/23 19:08:09,3-8,1526,Lab: Create and Version a Dataset
2020/07/23 19:08:09,3-9,1456,Introducing Features
2020/07/23 19:08:09,3-10,1596,Feature Engineering
2020/07/23 19:08:09,3-11,1446,Examples of Feature Engineering Tasks
2020/07/23 19:08:09,3-12,1401,Summary of Feature Engineering Approaches by Data Type
2020/07/23 19:08:09,3-13,1471,Feature Selection
2020/07/23 19:08:09,3-14,1388,Feature Selection (2)
2020/07/23 19:08:09,3-15,1384,Walkthrough: Engineer and Select Features
2020/07/23 19:08:09,3-16,1135,Walkthrough: Engineer and Select Features (2)
2020/07/23 19:08:09,3-17,1368,Data Drift
2020/07/23 19:08:09,3-18,1278,Monitoring for Data Drift
2020/07/23 19:08:09,3-19,1239,Model Training Basics
2020/07/23 19:08:09,3-20,1297,Model Training in Azure Machine Learning
2020/07/23 19:08:09,3-21,1233,Taxonomy of Azure Machine Learning
2020/07/23 19:08:09,3-22,1163,Training Classifiers
2020/07/23 19:08:09,3-23,1096,Training Regressors
2020/07/23 19:08:09,3-24,1062,Evaluating Model Performance
2020/07/23 19:08:09,3-25,1129,Evaluation Metrics for Classification
2020/07/23 19:08:09,3-26,1052,Model Evaluation Charts
2020/07/23 19:08:09,3-27,1068,Evaluation Metrics for Regression
2020/07/24 20:55:39,1-0,8938,Welcome to Udacity
2020/07/24 20:55:39,1-1,5260,Why Machine Learning?
2020/07/24 20:55:39,1-2,4835,Course Overview
2020/07/24 20:55:39,2-0,5069,Lesson Overview
2020/07/24 20:55:39,2-1,4593,What is Machine Learning?
2020/07/24 20:55:39,2-2,4274,Applications of Machine Learning
2020/07/24 20:55:39,2-3,3936,Brief History of Machine Learning
2020/07/24 20:55:39,2-4,3624,The Data Science Process
2020/07/24 20:55:39,2-5,3474,Common Types of Data
2020/07/24 20:55:39,2-6,2965,Tabular Data
2020/07/24 20:55:39,2-7,2895,Tabular Data
2020/07/24 20:55:39,2-8,3098,Scaling Data
2020/07/24 20:55:39,2-9,3031,Encoding Categorical Data
2020/07/24 20:55:39,2-10,3051,Image Data
2020/07/24 20:55:39,2-11,3027,The Whole Pipeline
2020/07/24 20:55:39,2-12,3051,Two Perspectives on ML
2020/07/24 20:55:39,2-13,2917,The Computer Science Perspective
2020/07/24 20:55:39,2-14,2786,The Statistical Perspective
2020/07/24 20:55:39,2-15,2955,The Tools for Machine Learning
2020/07/24 20:55:39,2-16,2758,Libraries for Machine Learning
2020/07/24 20:55:39,2-17,3089,Cloud Services for Machine Learning
2020/07/24 20:55:39,2-18,2837,A Brief Intro to Azure Machine Learning
2020/07/24 20:55:39,2-19,2732,Models vs. Algorithms
2020/07/24 20:55:39,2-20,2904,Linear Regression
2020/07/24 20:55:39,2-21,3180,Walkthrough: Train a Linear Regression Model
2020/07/24 20:55:39,2-22,2267,Learning a function
2020/07/24 20:55:39,2-23,2395,Parametric vs. Non-parametric
2020/07/24 20:55:39,2-24,2263,Classical ML vs. Deep Learning
2020/07/24 20:55:39,2-25,2361,Approaches to Machine Learning
2020/07/24 20:55:39,2-26,2338,The Trade-Offs
2020/07/24 20:55:39,2-27,2134,Overfitting vs. Underfitting
2020/07/24 20:55:39,2-28,2112,Bias vs. Variance Trade-off
2020/07/24 20:55:39,2-29,2211,Lesson Summary
2020/07/24 20:55:39,3-0,2414,Lesson Overview
2020/07/24 20:55:39,3-1,2265,Data Import and Transformation
2020/07/24 20:55:39,3-2,2201,"Lab: Import, Transform, and Export Data"
2020/07/24 20:55:39,3-3,2006,Managing Data
2020/07/24 20:55:39,3-4,1724,Datastores vs. Datasets
2020/07/24 20:55:39,3-5,1765,The Data Access Workflow
2020/07/24 20:55:39,3-6,1746,More About Datasets
2020/07/24 20:55:39,3-7,1527,More About Datasets (2)
2020/07/24 20:55:39,3-8,1600,Lab: Create and Version a Dataset
2020/07/24 20:55:39,3-9,1524,Introducing Features
2020/07/24 20:55:39,3-10,1674,Feature Engineering
2020/07/24 20:55:39,3-11,1514,Examples of Feature Engineering Tasks
2020/07/24 20:55:39,3-12,1466,Summary of Feature Engineering Approaches by Data Type
2020/07/24 20:55:39,3-13,1554,Feature Selection
2020/07/24 20:55:39,3-14,1468,Feature Selection (2)
2020/07/24 20:55:39,3-15,1480,Walkthrough: Engineer and Select Features
2020/07/24 20:55:39,3-16,1216,Walkthrough: Engineer and Select Features (2)
2020/07/24 20:55:39,3-17,1466,Data Drift
2020/07/24 20:55:39,3-18,1378,Monitoring for Data Drift
2020/07/24 20:55:39,3-19,1336,Model Training Basics
2020/07/24 20:55:39,3-20,1410,Model Training in Azure Machine Learning
2020/07/24 20:55:39,3-21,1338,Taxonomy of Azure Machine Learning
2020/07/24 20:55:39,3-22,1269,Training Classifiers
2020/07/24 20:55:39,3-23,1193,Training Regressors
2020/07/24 20:55:39,3-24,1158,Evaluating Model Performance
2020/07/24 20:55:39,3-25,1230,Evaluation Metrics for Classification
2020/07/24 20:55:39,3-26,1141,Model Evaluation Charts
2020/07/24 20:55:39,3-27,1162,Evaluation Metrics for Regression
2020/07/24 20:55:39,3-28,1082,Walkthrough: Train and Evaluate a Model
2020/07/24 20:55:39,3-29,1042,Strength in Numbers
2020/07/24 20:55:39,3-30,988,Ensemble Learning
2020/07/24 20:55:39,3-31,927,Strength in Variety: Automated ML
2020/07/25 15:48:01,1-0,8968,Welcome to Udacity
2020/07/25 15:48:01,1-1,5282,Why Machine Learning?
2020/07/25 15:48:01,1-2,4855,Course Overview
2020/07/25 15:48:01,2-0,5099,Lesson Overview
2020/07/25 15:48:01,2-1,4625,What is Machine Learning?
2020/07/25 15:48:01,2-2,4309,Applications of Machine Learning
2020/07/25 15:48:01,2-3,3969,Brief History of Machine Learning
2020/07/25 15:48:01,2-4,3658,The Data Science Process
2020/07/25 15:48:01,2-5,3504,Common Types of Data
2020/07/25 15:48:01,2-6,2996,Tabular Data
2020/07/25 15:48:01,2-7,2925,Tabular Data
2020/07/25 15:48:01,2-8,3131,Scaling Data
2020/07/25 15:48:01,2-9,3069,Encoding Categorical Data
2020/07/25 15:48:01,2-10,3087,Image Data
2020/07/25 15:48:01,2-11,3062,The Whole Pipeline
2020/07/25 15:48:01,2-12,3089,Two Perspectives on ML
2020/07/25 15:48:01,2-13,2949,The Computer Science Perspective
2020/07/25 15:48:01,2-14,2816,The Statistical Perspective
2020/07/25 15:48:01,2-15,2991,The Tools for Machine Learning
2020/07/25 15:48:01,2-16,2803,Libraries for Machine Learning
2020/07/25 15:48:01,2-17,3138,Cloud Services for Machine Learning
2020/07/25 15:48:01,2-18,2879,A Brief Intro to Azure Machine Learning
2020/07/25 15:48:01,2-19,2774,Models vs. Algorithms
2020/07/25 15:48:01,2-20,2950,Linear Regression
2020/07/25 15:48:01,2-21,3238,Walkthrough: Train a Linear Regression Model
2020/07/25 15:48:01,2-22,2310,Learning a function
2020/07/25 15:48:01,2-23,2437,Parametric vs. Non-parametric
2020/07/25 15:48:01,2-24,2304,Classical ML vs. Deep Learning
2020/07/25 15:48:01,2-25,2409,Approaches to Machine Learning
2020/07/25 15:48:01,2-26,2384,The Trade-Offs
2020/07/25 15:48:01,2-27,2179,Overfitting vs. Underfitting
2020/07/25 15:48:01,2-28,2157,Bias vs. Variance Trade-off
2020/07/25 15:48:01,2-29,2262,Lesson Summary
2020/07/25 15:48:01,3-0,2482,Lesson Overview
2020/07/25 15:48:01,3-1,2338,Data Import and Transformation
2020/07/25 15:48:01,3-2,2267,"Lab: Import, Transform, and Export Data"
2020/07/25 15:48:01,3-3,2073,Managing Data
2020/07/25 15:48:01,3-4,1778,Datastores vs. Datasets
2020/07/25 15:48:01,3-5,1824,The Data Access Workflow
2020/07/25 15:48:01,3-6,1797,More About Datasets
2020/07/25 15:48:01,3-7,1571,More About Datasets (2)
2020/07/25 15:48:01,3-8,1651,Lab: Create and Version a Dataset
2020/07/25 15:48:01,3-9,1570,Introducing Features
2020/07/25 15:48:01,3-10,1732,Feature Engineering
2020/07/25 15:48:01,3-11,1557,Examples of Feature Engineering Tasks
2020/07/25 15:48:01,3-12,1507,Summary of Feature Engineering Approaches by Data Type
2020/07/25 15:48:01,3-13,1597,Feature Selection
2020/07/25 15:48:01,3-14,1513,Feature Selection (2)
2020/07/25 15:48:01,3-15,1531,Walkthrough: Engineer and Select Features
2020/07/25 15:48:01,3-16,1255,Walkthrough: Engineer and Select Features (2)
2020/07/25 15:48:01,3-17,1513,Data Drift
2020/07/25 15:48:01,3-18,1422,Monitoring for Data Drift
2020/07/25 15:48:01,3-19,1393,Model Training Basics
2020/07/25 15:48:01,3-20,1458,Model Training in Azure Machine Learning
2020/07/25 15:48:01,3-21,1389,Taxonomy of Azure Machine Learning
2020/07/25 15:48:01,3-22,1314,Training Classifiers
2020/07/25 15:48:01,3-23,1242,Training Regressors
2020/07/25 15:48:01,3-24,1208,Evaluating Model Performance
2020/07/25 15:48:01,3-25,1288,Evaluation Metrics for Classification
2020/07/25 15:48:01,3-26,1198,Model Evaluation Charts
2020/07/25 15:48:01,3-27,1222,Evaluation Metrics for Regression
2020/07/25 15:48:01,3-28,1146,Walkthrough: Train and Evaluate a Model
2020/07/25 15:48:01,3-29,1098,Strength in Numbers
2020/07/25 15:48:01,3-30,1045,Ensemble Learning
2020/07/25 15:48:01,3-31,981,Strength in Variety: Automated ML
2020/07/25 15:48:01,3-32,974,Walkthrough: Train a Two-Class Boosted Decision Tree
2020/07/25 15:48:01,3-33,964,Walkthrough: Train a Simple Classifier with Automated ML
2020/07/25 15:48:01,3-34,895,Lesson Summary
